AI Level,Race,Attack State
1,Terran,10519
2,Terran,10807
3,Terran,10633
4,Terran,14056
5,Terran,7595
6,Terran,13284
7,Terran,11985
1,Terran,10077
2,Terran,8772
3,Terran,8383
4,Terran,8013
5,Terran,7753
6,Terran,12877
7,Terran,11753
1,Terran,15761
2,Terran,8485
3,Terran,10531
4,Terran,8332
5,Terran,8890
6,Terran,13275
7,Terran,12711
1,Terran,10021
2,Terran,10545
3,Terran,8349
4,Terran,8382
5,Terran,9316
6,Terran,11426
7,Terran,6079
1,Terran,15536
2,Terran,10656
3,Terran,8329
4,Terran,8318
5,Terran,9055
6,Terran,13264
7,Terran,6097
1,Terran,10816
2,Terran,8499
3,Terran,10213
4,Terran,9618
5,Terran,8972
6,Terran,10711
7,Terran,12799
1,Terran,11044
2,Terran,10840
3,Terran,10894
4,Terran,10045
5,Terran,9651
6,Terran,12008
7,Terran,13556
1,Terran,11346
2,Terran,11027
3,Terran,10278
4,Terran,8257
5,Terran,7628
6,Terran,11464
7,Terran,12377
1,Terran,11306
2,Terran,10701
3,Terran,8243
4,Terran,8016
5,Terran,9005
6,Terran,11726
7,Terran,6109
1,Terran,11071
2,Terran,8645
3,Terran,10593
4,Terran,10149
5,Terran,9731
6,Terran,12473
7,Terran,6067
1,Terran,10535
2,Terran,8820
3,Terran,10237
4,Terran,8190
5,Terran,8854
6,Terran,11855
7,Terran,11585
1,Terran,10473
2,Terran,11121
3,Terran,8357
4,Terran,9466
5,Terran,8265
6,Terran,10689
7,Terran,4815
1,Terran,10218
2,Terran,8699
3,Terran,10338
4,Terran,8306
5,Terran,13179
6,Terran,11498
7,Terran,6031
1,Terran,10556
2,Terran,11133
3,Terran,10437
4,Terran,8216
5,Terran,13701
6,Terran,11474
7,Terran,12593
1,Terran,10176
2,Terran,8702
3,Terran,8180
4,Terran,9747
5,Terran,13486
6,Terran,7886
7,Terran,6095
1,Terran,10365
2,Terran,10538
3,Terran,10429
4,Terran,9893
5,Terran,9588
6,Terran,6107
7,Terran,7906
1,Terran,10516
2,Terran,8565
3,Terran,8464
4,Terran,8241
5,Terran,8120
6,Terran,6066
7,Terran,12584
1,Terran,11102
2,Terran,8978
3,Terran,8660
4,Terran,8268
5,Terran,13371
6,Terran,12279
7,Terran,9825
1,Terran,10578
2,Terran,8609
3,Terran,14352
4,Terran,8033
5,Terran,7914
6,Terran,12336
7,Terran,12263
1,Terran,10430
2,Terran,8521
3,Terran,10760
4,Terran,8395
5,Terran,7945
6,Terran,10568
7,Terran,11311
1,Terran,10843
2,Terran,8854
3,Terran,8196
4,Terran,9751
5,Terran,9748
6,Terran,6002
7,Terran,4798
1,Terran,15826
2,Terran,10619
3,Terran,10355
4,Terran,9999
5,Terran,9066
6,Terran,6031
7,Terran,12785
1,Terran,10419
1,Terran,10807
2,Terran,8898
3,Terran,10196
4,Terran,8379
5,Terran,9202
6,Terran,13076
7,Terran,12107
1,Terran,11386
2,Terran,8588
3,Terran,10046
4,Terran,14639
5,Terran,8096
6,Terran,11174
7,Terran,12560
1,Terran,11183
2,Terran,8735
3,Terran,10688
4,Terran,10033
5,Terran,7608
6,Terran,13027
7,Terran,11272
1,Terran,10595
2,Terran,8635
3,Terran,10205
4,Terran,8351
5,Terran,9462
6,Terran,12095
7,Terran,12990
1,Terran,15367
2,Terran,8834
3,Terran,8392
4,Terran,10240
5,Terran,12860
6,Terran,11164
7,Terran,6114
1,Terran,10858
2,Terran,8429
3,Terran,10516
4,Terran,8316
5,Terran,7950
6,Terran,11649
7,Terran,13021
1,Terran,10319
2,Terran,8780
3,Terran,8442
4,Terran,9495
5,Terran,12917
6,Terran,6069
7,Terran,13616
1,Terran,10834
2,Terran,8593
3,Terran,14229
4,Terran,7365
5,Terran,7815
6,Terran,6063
7,Terran,12598
1,Terran,10826
2,Terran,8553
3,Terran,14471
4,Terran,9682
5,Terran,8044
6,Terran,12299
7,Terran,11992
1,Terran,15644
2,Terran,10578
3,Terran,10130
4,Terran,8227
5,Terran,8188
6,Terran,13521
7,Terran,14035
1,Terran,10094
2,Terran,10812
3,Terran,10032
4,Terran,8113
5,Terran,9253
6,Terran,10918
7,Terran,13069
1,Terran,16701
2,Terran,8587
3,Terran,10322
4,Terran,13075
5,Terran,7703
6,Terran,7914
7,Terran,11689
1,Terran,11341
2,Terran,11148
3,Terran,10429
4,Terran,14110
5,Terran,7961
6,Terran,12150
7,Terran,6097
1,Terran,10351
2,Terran,8739
3,Terran,10739
4,Terran,7906
5,Terran,13469
6,Terran,11227
7,Terran,10809
1,Terran,11366
2,Terran,8872
3,Terran,8410
4,Terran,7920
5,Terran,9979
6,Terran,12835
7,Terran,11246
1,Terran,10855
2,Terran,7768
3,Terran,14862
4,Terran,9709
5,Terran,9335
6,Terran,6288
7,Terran,6075
1,Terran,11070
2,Terran,10841
3,Terran,8371
4,Terran,8272
5,Terran,8195
6,Terran,12283
7,Terran,6054
1,Terran,10070
2,Terran,10762
3,Terran,10576
4,Terran,9952
5,Terran,8157
6,Terran,11776
7,Terran,6416
1,Terran,10652
2,Terran,8735
3,Terran,10022
4,Terran,8079
5,Terran,9797
6,Terran,6065
7,Terran,6079
1,Terran,15821
2,Terran,8675
3,Terran,8164
4,Terran,10061
5,Terran,13143
6,Terran,11785
7,Terran,12876
1,Terran,10576
2,Terran,8404
3,Terran,15084
4,Terran,8355
5,Terran,13504
6,Terran,6443
7,Terran,11283
1,Terran,10411
2,Terran,11247
3,Terran,13869
4,Terran,9965
5,Terran,13461
6,Terran,13460
7,Terran,12745
1,Terran,11332
2,Terran,8486
3,Terran,10103
4,Terran,8008
5,Terran,7772
6,Terran,12466
7,Terran,13296
1,Terran,10767
2,Terran,8723
3,Terran,10382
4,Terran,8483
5,Terran,8901
6,Terran,13332
7,Terran,7866
1,Terran,11395
2,Terran,8583
3,Terran,10329
4,Terran,9534
5,Terran,9015
6,Terran,11509
7,Terran,6013
1,Terran,10634
2,Terran,8620
3,Terran,10386
4,Terran,9632
5,Terran,7971
6,Terran,11999
7,Terran,7851
1,Terran,10184
2,Terran,8620
3,Terran,14850
4,Terran,13919
5,Terran,7751
6,Terran,12576
7,Terran,11329
1,Terran,10599
2,Terran,10619
3,Terran,8516
4,Terran,7338
5,Terran,13063
6,Terran,6043
7,Terran,11104
1,Terran,10230
2,Terran,8894
3,Terran,10278
4,Terran,9660
5,Terran,7043
6,Terran,13377
7,Terran,12532
1,Terran,11356
2,Terran,8457
3,Terran,8128
4,Terran,9907
5,Terran,7830
6,Terran,12781
7,Terran,12664
1,Terran,11244
2,Terran,8658
3,Terran,14125
4,Terran,14042
5,Terran,8079
6,Terran,13039
7,Terran,6079
1,Terran,10123
2,Terran,8896
3,Terran,10395
4,Terran,9560
5,Terran,9465
6,Terran,11874
7,Terran,11971
1,Terran,10078
2,Terran,11063
3,Terran,10513
4,Terran,10209
5,Terran,9250
6,Terran,6081
7,Terran,12858
1,Terran,10536
2,Terran,8774
3,Terran,10076
4,Terran,8034
5,Terran,9605
6,Terran,13160
7,Terran,5988
1,Terran,10016
2,Terran,10843
3,Terran,8434
4,Terran,9910
5,Terran,9519
6,Terran,7910
7,Terran,11188
1,Terran,10488
2,Terran,15620
3,Terran,8842
4,Terran,9893
5,Terran,8876
6,Terran,12503
7,Terran,13047
1,Terran,10774
2,Terran,8691
3,Terran,10707
4,Terran,8341
5,Terran,7910
6,Terran,13197
7,Terran,12876
1,Terran,10433
2,Terran,15742
3,Terran,8257
4,Terran,9769
5,Terran,8002
6,Terran,6057
7,Terran,12005
1,Terran,10486
2,Terran,10595
3,Terran,10428
4,Terran,9931
5,Terran,9606
6,Terran,12191
7,Terran,7865
1,Terran,11198
2,Terran,14934
3,Terran,10493
4,Terran,9858
5,Terran,8219
6,Terran,12625
7,Terran,9845
1,Terran,11371
2,Terran,8439
3,Terran,10323
4,Terran,8255
5,Terran,7807
6,Terran,6030
7,Terran,7833
1,Terran,10034
2,Terran,11155
3,Terran,14236
4,Terran,9818
5,Terran,12864
6,Terran,6044
7,Terran,6080
1,Terran,10511
2,Terran,9080
3,Terran,14511
4,Terran,7980
5,Terran,7877
6,Terran,12233
7,Terran,11357
1,Terran,10542
2,Terran,11138
3,Terran,14747
4,Terran,10195
5,Terran,13175
6,Terran,12782
7,Terran,13336
1,Terran,11038
2,Terran,8581
3,Terran,10347
4,Terran,10119
5,Terran,9617
6,Terran,12187
7,Terran,12901
1,Terran,11125
2,Terran,11162
3,Terran,8455
4,Terran,9535
5,Terran,8025
6,Terran,12849
7,Terran,13270
1,Terran,10668
2,Terran,8811
3,Terran,8667
4,Terran,13929
5,Terran,9515
6,Terran,6091
7,Terran,6043
1,Terran,10686
2,Terran,7815
3,Terran,10345
4,Terran,9531
5,Terran,9967
6,Terran,6036
7,Terran,11519
1,Terran,10125
2,Terran,8754
3,Terran,11066
4,Terran,8384
5,Terran,9303
6,Terran,6437
7,Terran,12355
1,Terran,10680
2,Terran,8558
3,Terran,10188
4,Terran,8179
5,Terran,8116
6,Terran,13417
7,Terran,11653
1,Terran,10604
2,Terran,15782
3,Terran,8398
4,Terran,14051
5,Terran,9319
6,Terran,6022
7,Terran,12087
1,Terran,10357
2,Terran,15057
3,Terran,10227
4,Terran,8087
5,Terran,8953
6,Terran,12976
7,Terran,9811
1,Terran,15903
2,Terran,8638
3,Terran,10138
4,Terran,13996
5,Terran,12767
6,Terran,7898
7,Terran,6090
1,Terran,10126
2,Terran,15224
3,Terran,8439
4,Terran,8140
5,Terran,7801
6,Terran,12188
7,Terran,11813
1,Terran,10599
2,Terran,8760
3,Terran,8360
4,Terran,8006
5,Terran,9656
6,Terran,12775
7,Terran,12592
1,Terran,10392
2,Terran,10773
3,Terran,14004
4,Terran,7407
5,Terran,9681
6,Terran,11329
7,Terran,6028
1,Terran,10705
2,Terran,7715
3,Terran,10445
4,Terran,14117
5,Terran,13890
6,Terran,11367
7,Terran,6355
1,Terran,10598
2,Terran,10712
3,Terran,8237
4,Terran,10349
5,Terran,8018
6,Terran,11566
7,Terran,12739
1,Terran,10386
2,Terran,10574
3,Terran,8497
4,Terran,9556
5,Terran,8268
6,Terran,6045
7,Terran,12098
1,Terran,11115
2,Terran,8669
3,Terran,10242
4,Terran,8226
5,Terran,7802
6,Terran,6387
7,Terran,13114
1,Terran,10178
2,Terran,8826
3,Terran,10692
4,Terran,7926
5,Terran,7900
6,Terran,7913
7,Terran,12904
1,Terran,10670
2,Terran,8880
3,Terran,8476
4,Terran,9532
5,Terran,8058
6,Terran,7849
7,Terran,6308
1,Terran,10612
2,Terran,10458
3,Terran,10595
4,Terran,8202
5,Terran,7931
6,Terran,6006
7,Terran,13471
1,Terran,10360
2,Terran,8640
3,Terran,8091
4,Terran,9583
5,Terran,7627
6,Terran,12299
7,Terran,6158
1,Terran,10378
2,Terran,8548
3,Terran,10277
4,Terran,13220
5,Terran,9250
6,Terran,11997
7,Terran,13185
1,Terran,10524
2,Terran,10678
3,Terran,8847
4,Terran,10018
5,Terran,8971
6,Terran,12401
7,Terran,12146
1,Terran,10335
2,Terran,8869
3,Terran,10674
4,Terran,9651
5,Terran,8171
6,Terran,11238
7,Terran,12956
1,Terran,11190
2,Terran,9015
3,Terran,8429
4,Terran,7212
5,Terran,7884
6,Terran,6089
7,Terran,6051
1,Terran,11104
2,Terran,7821
3,Terran,10665
4,Terran,10227
5,Terran,7708
6,Terran,6085
7,Terran,7841
1,Terran,11231
2,Terran,10948
3,Terran,14053
4,Terran,8195
5,Terran,7781
6,Terran,12732
7,Terran,6049
1,Protoss,11933
2,Protoss,11310
3,Protoss,13970
4,Protoss,9883
5,Protoss,9628
6,Protoss,14154
7,Protoss,13189
1,Protoss,10841
2,Protoss,9092
3,Protoss,8756
4,Protoss,8221
5,Protoss,9407
6,Protoss,14394
7,Protoss,7388
1,Protoss,9803
2,Protoss,9427
3,Protoss,10478
4,Protoss,8047
5,Protoss,9553
6,Protoss,13031
7,Protoss,13807
1,Protoss,10464
2,Protoss,9602
3,Protoss,15009
4,Protoss,9328
5,Protoss,9159
6,Protoss,13212
7,Protoss,11467
1,Protoss,10423
2,Protoss,9467
3,Protoss,8779
4,Protoss,8308
5,Protoss,9042
6,Protoss,11939
7,Protoss,12075
1,Protoss,10569
2,Protoss,10809
3,Protoss,10387
4,Protoss,9403
5,Protoss,9618
6,Protoss,13509
7,Protoss,13409
1,Protoss,10454
2,Protoss,9660
3,Protoss,8730
4,Protoss,7984
5,Protoss,9097
6,Protoss,13696
7,Protoss,12229
1,Protoss,10489
2,Protoss,9167
3,Protoss,8665
4,Protoss,8023
5,Protoss,9121
6,Protoss,12931
7,Protoss,14044
1,Protoss,10457
2,Protoss,10999
3,Protoss,10648
4,Protoss,9351
5,Protoss,7745
6,Protoss,12800
7,Protoss,13468
1,Protoss,10919
2,Protoss,10868
3,Protoss,8878
4,Protoss,9395
5,Protoss,13613
6,Protoss,13442
7,Protoss,14306
1,Protoss,10596
2,Protoss,10992
3,Protoss,10619
4,Protoss,13651
5,Protoss,9519
6,Protoss,14407
7,Protoss,12628
1,Protoss,10821
2,Protoss,9485
3,Protoss,8511
4,Protoss,9796
5,Protoss,13880
6,Protoss,12596
7,Protoss,13244
1,Protoss,11715
2,Protoss,9548
3,Protoss,13975
4,Protoss,8407
5,Protoss,9241
6,Protoss,13745
7,Protoss,12800
1,Protoss,12233
2,Protoss,10802
3,Protoss,14230
4,Protoss,8041
5,Protoss,13037
6,Protoss,13747
7,Protoss,12876
1,Protoss,11883
2,Protoss,11349
3,Protoss,10517
4,Protoss,9877
5,Protoss,9873
6,Protoss,13985
7,Protoss,13287
1,Protoss,12024
2,Protoss,10833
3,Protoss,10051
4,Protoss,13450
5,Protoss,7972
6,Protoss,12670
7,Protoss,13077
1,Protoss,11676
2,Protoss,14474
3,Protoss,8513
4,Protoss,13387
5,Protoss,13752
6,Protoss,13412
7,Protoss,12948
1,Protoss,11683
2,Protoss,11329
3,Protoss,10493
4,Protoss,13829
5,Protoss,13081
6,Protoss,14362
7,Protoss,13060
1,Protoss,11648
2,Protoss,9228
3,Protoss,10214
4,Protoss,8096
5,Protoss,8011
6,Protoss,13398
7,Protoss,13416
1,Protoss,10546
2,Protoss,9617
3,Protoss,8429
4,Protoss,13209
5,Protoss,7899
6,Protoss,13749
7,Protoss,13989
1,Protoss,10250
2,Protoss,9223
3,Protoss,8873
4,Protoss,9460
5,Protoss,9185
6,Protoss,13674
7,Protoss,11948
1,Protoss,12260
2,Protoss,11111
3,Protoss,8937
4,Protoss,8230
5,Protoss,7805
6,Protoss,12939
7,Protoss,12782
1,Protoss,12230
2,Protoss,9367
3,Protoss,10549
4,Protoss,9784
5,Protoss,7719
6,Protoss,12896
7,Protoss,14166
1,Protoss,12218
2,Protoss,10663
3,Protoss,14107
4,Protoss,13426
5,Protoss,9369
6,Protoss,12925
7,Protoss,13889
1,Protoss,11856
2,Protoss,11274
3,Protoss,8261
4,Protoss,8400
5,Protoss,9324
6,Protoss,7184
7,Protoss,12100
1,Protoss,11876
2,Protoss,11250
3,Protoss,8586
4,Protoss,10135
5,Protoss,9542
6,Protoss,12902
7,Protoss,13224
1,Protoss,11613
2,Protoss,9490
3,Protoss,8872
4,Protoss,9374
5,Protoss,9413
6,Protoss,13888
7,Protoss,13365
1,Protoss,12128
2,Protoss,11342
3,Protoss,13607
4,Protoss,7994
5,Protoss,13527
6,Protoss,12765
7,Protoss,12956
1,Protoss,11758
2,Protoss,11214
3,Protoss,10235
4,Protoss,8193
5,Protoss,7756
6,Protoss,14222
7,Protoss,14116
1,Protoss,11610
2,Protoss,11324
3,Protoss,10153
4,Protoss,10282
5,Protoss,7499
6,Protoss,12501
7,Protoss,13396
1,Protoss,10898
2,Protoss,9073
3,Protoss,8836
4,Protoss,9368
5,Protoss,9597
6,Protoss,13397
7,Protoss,13646
1,Protoss,10564
2,Protoss,9432
3,Protoss,8532
4,Protoss,7177
5,Protoss,7344
6,Protoss,12281
7,Protoss,12746
1,Protoss,12265
2,Protoss,9082
3,Protoss,8535
4,Protoss,9961
5,Protoss,8049
6,Protoss,7166
7,Protoss,12451
1,Protoss,10909
2,Protoss,11288
3,Protoss,10669
4,Protoss,8432
5,Protoss,9624
6,Protoss,14471
7,Protoss,14373
1,Protoss,12251
2,Protoss,14143
3,Protoss,8416
4,Protoss,9749
5,Protoss,9454
6,Protoss,13572
7,Protoss,12654
1,Protoss,10956
2,Protoss,9859
3,Protoss,10271
4,Protoss,9441
5,Protoss,9345
6,Protoss,11673
7,Protoss,13209
1,Protoss,12255
2,Protoss,11065
3,Protoss,14332
4,Protoss,9698
5,Protoss,9391
6,Protoss,13436
7,Protoss,13229
1,Protoss,12263
2,Protoss,10609
3,Protoss,8778
4,Protoss,8159
5,Protoss,9495
6,Protoss,12540
7,Protoss,14585
1,Protoss,12166
2,Protoss,9306
3,Protoss,10053
4,Protoss,9400
5,Protoss,9736
6,Protoss,13729
7,Protoss,14144
1,Protoss,10639
2,Protoss,9431
3,Protoss,8767
4,Protoss,9380
5,Protoss,9657
6,Protoss,14471
7,Protoss,11610
1,Protoss,12238
2,Protoss,9061
3,Protoss,10021
4,Protoss,9800
5,Protoss,13266
6,Protoss,12031
7,Protoss,12262
1,Protoss,16310
2,Protoss,9563
3,Protoss,10584
4,Protoss,13139
5,Protoss,9527
6,Protoss,13075
7,Protoss,12912
1,Protoss,15811
2,Protoss,10883
3,Protoss,10550
4,Protoss,9745
5,Protoss,9618
6,Protoss,10876
7,Protoss,12677
1,Protoss,10529
2,Protoss,9216
3,Protoss,10183
4,Protoss,10080
5,Protoss,9288
6,Protoss,12631
7,Protoss,11863
1,Protoss,11541
2,Protoss,9226
3,Protoss,10527
4,Protoss,14145
5,Protoss,9414
6,Protoss,13052
7,Protoss,13224
1,Protoss,12157
2,Protoss,9745
3,Protoss,10416
4,Protoss,13105
5,Protoss,7815
6,Protoss,12659
7,Protoss,14237
1,Protoss,10033
2,Protoss,9183
3,Protoss,10372
4,Protoss,9684
5,Protoss,9337
6,Protoss,12402
7,Protoss,13812
1,Protoss,10952
2,Protoss,10774
3,Protoss,7051
4,Protoss,8260
5,Protoss,7503
6,Protoss,13340
7,Protoss,12879
1,Protoss,11864
2,Protoss,9315
3,Protoss,15203
4,Protoss,7985
5,Protoss,9634
6,Protoss,13629
7,Protoss,11961
1,Protoss,12822
2,Protoss,9543
3,Protoss,8042
4,Protoss,7971
5,Protoss,9383
6,Protoss,14269
7,Protoss,14479
1,Protoss,11828
2,Protoss,9616
3,Protoss,10356
4,Protoss,10193
5,Protoss,9588
6,Protoss,12329
7,Protoss,14349
1,Protoss,10905
2,Protoss,9222
3,Protoss,10411
4,Protoss,8029
5,Protoss,9323
6,Protoss,13281
7,Protoss,14133
1,Protoss,11629
2,Protoss,10939
3,Protoss,10421
4,Protoss,7998
5,Protoss,7937
6,Protoss,10478
7,Protoss,13630
1,Protoss,12230
2,Protoss,9259
3,Protoss,8747
4,Protoss,9721
5,Protoss,9443
6,Protoss,14612
7,Protoss,13317
1,Protoss,10787
2,Protoss,10952
3,Protoss,8972
4,Protoss,9707
5,Protoss,13992
6,Protoss,12673
7,Protoss,14048
1,Protoss,10438
2,Protoss,11147
3,Protoss,10299
4,Protoss,9455
5,Protoss,7856
6,Protoss,14207
7,Protoss,12804
1,Protoss,12022
2,Protoss,9099
3,Protoss,8739
4,Protoss,9756
5,Protoss,9693
6,Protoss,10507
7,Protoss,12897
1,Protoss,10941
2,Protoss,11336
3,Protoss,10095
4,Protoss,13741
5,Protoss,9193
6,Protoss,13436
7,Protoss,13062
1,Protoss,11560
2,Protoss,11316
3,Protoss,8666
4,Protoss,9786
5,Protoss,9386
6,Protoss,12645
7,Protoss,12780
1,Protoss,10698
2,Protoss,9652
3,Protoss,10646
4,Protoss,14041
5,Protoss,7732
6,Protoss,12606
7,Protoss,12016
1,Protoss,11751
2,Protoss,8471
3,Protoss,10028
4,Protoss,9866
5,Protoss,9736
6,Protoss,14463
7,Protoss,13809
1,Protoss,10631
2,Protoss,9449
3,Protoss,8580
4,Protoss,9380
5,Protoss,9529
6,Protoss,12958
7,Protoss,12383
1,Protoss,9899
2,Protoss,11118
3,Protoss,14324
4,Protoss,8054
5,Protoss,9191
6,Protoss,12409
7,Protoss,13490
1,Protoss,11029
2,Protoss,14183
3,Protoss,8697
4,Protoss,8361
5,Protoss,7967
6,Protoss,13971
7,Protoss,13062
1,Protoss,10637
2,Protoss,9619
3,Protoss,8919
4,Protoss,10061
5,Protoss,7954
6,Protoss,12709
7,Protoss,12683
1,Protoss,10744
2,Protoss,9444
3,Protoss,10210
4,Protoss,13073
5,Protoss,9270
6,Protoss,12583
7,Protoss,13805
1,Protoss,10957
2,Protoss,9555
3,Protoss,8660
4,Protoss,9913
5,Protoss,7735
6,Protoss,11665
7,Protoss,12879
1,Protoss,10450
2,Protoss,9108
3,Protoss,7866
4,Protoss,8444
5,Protoss,9521
6,Protoss,14240
7,Protoss,12699
1,Protoss,15588
2,Protoss,10957
3,Protoss,8082
4,Protoss,7932
5,Protoss,9906
6,Protoss,12896
7,Protoss,13334
1,Protoss,10681
2,Protoss,9721
3,Protoss,8629
4,Protoss,14242
5,Protoss,9720
6,Protoss,12895
7,Protoss,12906
1,Zerg,9474
2,Zerg,10635
3,Zerg,10234
4,Zerg,10124
5,Zerg,10125
6,Zerg,12044
7,Zerg,13425
1,Zerg,9666
2,Zerg,10342
3,Zerg,6925
4,Zerg,7473
5,Zerg,9338
6,Zerg,5166
7,Zerg,13152
1,Zerg,9288
2,Zerg,10897
3,Zerg,10011
4,Zerg,7275
5,Zerg,9775
6,Zerg,13164
7,Zerg,12621
1,Zerg,11705
2,Zerg,8602
3,Zerg,8103
4,Zerg,10293
5,Zerg,8126
6,Zerg,12509
7,Zerg,5236
1,Zerg,15411
2,Zerg,8865
3,Zerg,13376
4,Zerg,7412
5,Zerg,8623
6,Zerg,13365
7,Zerg,12180
1,Zerg,12177
2,Zerg,10553
3,Zerg,8116
4,Zerg,9198
5,Zerg,7557
6,Zerg,15329
7,Zerg,11540
1,Zerg,11630
2,Zerg,9928
3,Zerg,8585
4,Zerg,10222
5,Zerg,8589
6,Zerg,4654
7,Zerg,5142
1,Zerg,9352
2,Zerg,8234
3,Zerg,14142
4,Zerg,10592
5,Zerg,13077
6,Zerg,5275
7,Zerg,6128
1,Zerg,9759
2,Zerg,10578
3,Zerg,8665
4,Zerg,9221
5,Zerg,7780
6,Zerg,12057
7,Zerg,13137
1,Zerg,11859
2,Zerg,8380
3,Zerg,8435
4,Zerg,7179
5,Zerg,7925
6,Zerg,12198
7,Zerg,12385
1,Zerg,9771
2,Zerg,8638
3,Zerg,9885
4,Zerg,7195
5,Zerg,13773
6,Zerg,12080
7,Zerg,12713
1,Zerg,11466
2,Zerg,10455
3,Zerg,8677
4,Zerg,9946
5,Zerg,12836
6,Zerg,6128
7,Zerg,13504
1,Zerg,11425
2,Zerg,10180
3,Zerg,8252
4,Zerg,7803
5,Zerg,7107
6,Zerg,12495
7,Zerg,12297
1,Zerg,9653
2,Zerg,8828
3,Zerg,9693
4,Zerg,9999
5,Zerg,9032
6,Zerg,13326
7,Zerg,5160
1,Zerg,9288
2,Zerg,10255
3,Zerg,7321
4,Zerg,10030
5,Zerg,13129
6,Zerg,13665
7,Zerg,11943
1,Zerg,11594
2,Zerg,8712
3,Zerg,9367
4,Zerg,9984
5,Zerg,13472
6,Zerg,6094
7,Zerg,12604
1,Zerg,9626
2,Zerg,8811
3,Zerg,8606
4,Zerg,10054
5,Zerg,7878
6,Zerg,13341
7,Zerg,11988
1,Zerg,11933
2,Zerg,8467
3,Zerg,14396
4,Zerg,7789
5,Zerg,9079
6,Zerg,12091
7,Zerg,12627
1,Zerg,9792
2,Zerg,14047
3,Zerg,9416
4,Zerg,10323
5,Zerg,9214
6,Zerg,15219
7,Zerg,12841
1,Zerg,11643
2,Zerg,10614
3,Zerg,8042
4,Zerg,10117
5,Zerg,13283
6,Zerg,5193
7,Zerg,13175
1,Zerg,9811
2,Zerg,9962
3,Zerg,9740
4,Zerg,8100
5,Zerg,7792
6,Zerg,11766
7,Zerg,14234
1,Zerg,9310
2,Zerg,8804
3,Zerg,7913
4,Zerg,8800
5,Zerg,12980
6,Zerg,13644
7,Zerg,10261
1,Zerg,9835
2,Zerg,9181
3,Zerg,8223
4,Zerg,13440
5,Zerg,7159
6,Zerg,12391
7,Zerg,11999
1,Zerg,9520
2,Zerg,9970
3,Zerg,8173
4,Zerg,10321
5,Zerg,9967
6,Zerg,12234
7,Zerg,12636
1,Zerg,9631
2,Zerg,8373
3,Zerg,9764
4,Zerg,7421
5,Zerg,7874
6,Zerg,12580
7,Zerg,12788
1,Zerg,9713
2,Zerg,9058
3,Zerg,10081
4,Zerg,9262
5,Zerg,8493
6,Zerg,12609
7,Zerg,12861
1,Zerg,9551
2,Zerg,8738
3,Zerg,7694
4,Zerg,9953
5,Zerg,13173
6,Zerg,12448
7,Zerg,12955
1,Zerg,11656
2,Zerg,10904
3,Zerg,8583
4,Zerg,8099
5,Zerg,9224
6,Zerg,12248
7,Zerg,13366
1,Zerg,8259
2,Zerg,10203
3,Zerg,7315
4,Zerg,7920
5,Zerg,7176
6,Zerg,13210
7,Zerg,11702
1,Zerg,9764
2,Zerg,10695
3,Zerg,10666
4,Zerg,9330
5,Zerg,13904
6,Zerg,13508
7,Zerg,13235
1,Zerg,8425
2,Zerg,10156
3,Zerg,8304
4,Zerg,7491
5,Zerg,12916
6,Zerg,13106
7,Zerg,12721
1,Zerg,11369
2,Zerg,10609
3,Zerg,7686
4,Zerg,12953
5,Zerg,9765
6,Zerg,13401
7,Zerg,12516
1,Zerg,11448
2,Zerg,8989
3,Zerg,9922
4,Zerg,9123
5,Zerg,7436
6,Zerg,5204
7,Zerg,12851
1,Zerg,9524
2,Zerg,8734
3,Zerg,7757
4,Zerg,8101
5,Zerg,9262
6,Zerg,12070
7,Zerg,12413
1,Zerg,11430
2,Zerg,9052
3,Zerg,10016
4,Zerg,8161
5,Zerg,13606
6,Zerg,12850
7,Zerg,6135
1,Zerg,9758
2,Zerg,8798
3,Zerg,9987
4,Zerg,13333
5,Zerg,8873
6,Zerg,5249
7,Zerg,6174
1,Zerg,11736
2,Zerg,10664
3,Zerg,10100
4,Zerg,8848
5,Zerg,14040
6,Zerg,13098
7,Zerg,6115
1,Zerg,9606
2,Zerg,11027
3,Zerg,7941
4,Zerg,9954
5,Zerg,10093
6,Zerg,11184
7,Zerg,13048
1,Zerg,11759
2,Zerg,10681
3,Zerg,10177
4,Zerg,9126
5,Zerg,7953
6,Zerg,6213
7,Zerg,12652
1,Zerg,11331
2,Zerg,8832
3,Zerg,9963
4,Zerg,8140
5,Zerg,7882
6,Zerg,12480
7,Zerg,12942
1,Zerg,11870
2,Zerg,11264
3,Zerg,8539
4,Zerg,9944
5,Zerg,9545
6,Zerg,13415
7,Zerg,13143
1,Zerg,9608
2,Zerg,10867
3,Zerg,10977
4,Zerg,7722
5,Zerg,7030
6,Zerg,12695
7,Zerg,12468
1,Zerg,11439
2,Zerg,8843
3,Zerg,9946
4,Zerg,7221
5,Zerg,9652
6,Zerg,11711
7,Zerg,13820
1,Zerg,9867
2,Zerg,10028
3,Zerg,9976
4,Zerg,9323
5,Zerg,10132
6,Zerg,12636
7,Zerg,11058
1,Zerg,11428
2,Zerg,9946
3,Zerg,10104
4,Zerg,7648
5,Zerg,8197
6,Zerg,14016
7,Zerg,12650
1,Zerg,9763
2,Zerg,8605
3,Zerg,8095
4,Zerg,7235
5,Zerg,9061
6,Zerg,14965
7,Zerg,5199
1,Zerg,11260
2,Zerg,8776
3,Zerg,10241
4,Zerg,10043
5,Zerg,14090
6,Zerg,11779
7,Zerg,13474
1,Zerg,11356
2,Zerg,9854
3,Zerg,8747
4,Zerg,10242
5,Zerg,9836
6,Zerg,11168
7,Zerg,12509
1,Zerg,9683
2,Zerg,8978
3,Zerg,9887
4,Zerg,7234
5,Zerg,7943
6,Zerg,12978
7,Zerg,11907
1,Zerg,8082
2,Zerg,11001
3,Zerg,8428
4,Zerg,13943
5,Zerg,8141
6,Zerg,13114
7,Zerg,12710
1,Zerg,9654
2,Zerg,10102
3,Zerg,10556
4,Zerg,10535
5,Zerg,8482
6,Zerg,12467
7,Zerg,13101
1,Zerg,9385
2,Zerg,9079
3,Zerg,13444
4,Zerg,9199
5,Zerg,8910
6,Zerg,6214
7,Zerg,12339
1,Zerg,9832
2,Zerg,9241
3,Zerg,8610
4,Zerg,7312
5,Zerg,13826
6,Zerg,14001
7,Zerg,6122
1,Zerg,11995
2,Zerg,11056
3,Zerg,9672
4,Zerg,7733
5,Zerg,13288
6,Zerg,12761
7,Zerg,11641
1,Zerg,11321
2,Zerg,13997
3,Zerg,14022
4,Zerg,9380
5,Zerg,9131
6,Zerg,12525
7,Zerg,12778
1,Zerg,9735
2,Zerg,8688
3,Zerg,9894
4,Zerg,13177
5,Zerg,7691
6,Zerg,13177
7,Zerg,11687
1,Zerg,9489
2,Zerg,8204
3,Zerg,9843
4,Zerg,7531
5,Zerg,9469
6,Zerg,15603
7,Zerg,12697
1,Zerg,9410
2,Zerg,8400
3,Zerg,7979
4,Zerg,7389
5,Zerg,9928
6,Zerg,12161
7,Zerg,12818
1,Zerg,11657
2,Zerg,10470
3,Zerg,8578
4,Zerg,9433
5,Zerg,8520
6,Zerg,11979
7,Zerg,13471
1,Zerg,9439
2,Zerg,14380
3,Zerg,8300
4,Zerg,10472
5,Zerg,13322
6,Zerg,12306
7,Zerg,12495
1,Zerg,11721
2,Zerg,11241
3,Zerg,9958
4,Zerg,7381
5,Zerg,7614
6,Zerg,12733
7,Zerg,6077
1,Zerg,9911
2,Zerg,10242
3,Zerg,10038
4,Zerg,9434
5,Zerg,8612
6,Zerg,5185
7,Zerg,11855
1,Zerg,11250
2,Zerg,8481
3,Zerg,9311
4,Zerg,7984
5,Zerg,10087
6,Zerg,15246
7,Zerg,15456
1,Zerg,11557
2,Zerg,8893
3,Zerg,8409
4,Zerg,9184
5,Zerg,13194
6,Zerg,13688
7,Zerg,6215
1,Zerg,9328
2,Zerg,8542
3,Zerg,9995
4,Zerg,8899
5,Zerg,9944
6,Zerg,13103
7,Zerg,12496
1,Zerg,11530
2,Zerg,9219
3,Zerg,10351
4,Zerg,9486
5,Zerg,9777
6,Zerg,13699
7,Zerg,12599
1,Zerg,11399
2,Zerg,9208
3,Zerg,8500
4,Zerg,7843
5,Zerg,9301
6,Zerg,11905
7,Zerg,6156
1,Zerg,12131
2,Zerg,8863
3,Zerg,9509
4,Zerg,7407
5,Zerg,7769
6,Zerg,13738
7,Zerg,3457
1,Zerg,11970
2,Zerg,11296
3,Zerg,9291
4,Zerg,7741
5,Zerg,6828
6,Zerg,12658
7,Zerg,12688
1,Zerg,9541
2,Zerg,9312
3,Zerg,7907
4,Zerg,14319
5,Zerg,9091
6,Zerg,13467
7,Zerg,13399
